{
  "dev": {
    "awscloudformation": {
      "AuthRoleName": "amplify-coffeeshop-dev-214519-authRole",
      "UnauthRoleArn": "arn:aws:iam::919977499140:role/amplify-coffeeshop-dev-214519-unauthRole",
      "AuthRoleArn": "arn:aws:iam::919977499140:role/amplify-coffeeshop-dev-214519-authRole",
      "Region": "us-east-1",
      "DeploymentBucketName": "amplify-coffeeshop-dev-214519-deployment",
      "UnauthRoleName": "amplify-coffeeshop-dev-214519-unauthRole",
      "StackName": "amplify-coffeeshop-dev-214519",
      "StackId": "arn:aws:cloudformation:us-east-1:919977499140:stack/amplify-coffeeshop-dev-214519/aaf77bf0-ce89-11ec-897f-0eb8c7bb5923",
      "AmplifyAppId": "d22cbeo6sd1frl"
    }
  }
}